addedtime (ps), correct, fake, S/N >25MeV
100, 174, 511365, 0.0036940264888728714
1000, 168, 50470, 0.04101049868766404
10000, 167, 4212, 0.47509578544061304
100000, 168, 371, 4.62962962962963
1000000, 168, 46, 125.0
333, 168, 153309, 0.012617972917521543
3333, 168, 14432, 0.15252152521525214
33333, 168, 1135, 1.8656716417910448
333333, 168, 109, 25.0