addedtime (ps), correct, fake, S/N >25MeV
100, 1614, 5106642, 0.0034752389226759338
1000, 1583, 503812, 0.03849256283676959
10000, 1579, 42905, 0.4671875
100000, 1576, 3746, 5.00418410041841
1000000, 1576, 385, 41.241379310344826
333, 1596, 1528350, 0.012147162410539179
3333, 1581, 144873, 0.14380105718404612
33333, 1578, 11452, 1.6821378340365682
333333, 1576, 1177, 13.28888888888889