addedtime (ps), correct, fake, S/N >25MeV
10000, 4066, 107672, 0.5006331117442229
100000, 8120, 18714, 5.039808917197452
33333, 4061, 28479, 1.679936305732484
333333, 4060, 2829, 18.289017341040463