Median, spread, 50ps median, 50ps spread, 100ps median, 100ps spread
100.10780962717207, 1.0544108814308568, 100.33326898571032, 5.85669610947934, 96.13431852791517, 13.757299568294693
