Median, spread, 30ps median, 30ps spread, 50ps median, 50ps spread, 100ps median, 100ps spread
96.07426054812913, 9.96031266325755, 92.56438709931268, 12.886698765603464, 97.0568655889327, 10.483592730322252, 96.55112336772306, 11.769727877821822
100.035252754365, 0.9168306835090836, 99.21654227394055, 2.707162698630621, 100.35066402758268, 3.5302780033939953, 101.38794341973222, 5.895960288725871
