Median, sigma, spread, sigma, 30ps median, sigma, 30ps spread, sigma, 50ps median, sigma, 50ps spread, sigma, 100ps median, sigma, 100ps spread, sigma
100.17061958584046, 0.14744560591542782, 0.4560014806823212, 0.08851186287261044, 98.65523076288072, 0.3312137115134003, 1.0702028365347314, 0.1941493246819589, 100.55883921254626, 0.5487818998037526, 2.2712888721759388, 0.23682323812771075, 91.1802310160372, 2.254920459134269, 9.01558230032514, 1.8579425411912853
124.73630894226923, 0.26824676120160623, 0.9887920166465461, 0.1172314209900741, 124.48415677126744, 0.5157575506230144, 1.756782483860007, 0.35707260879331976, 123.55833880838588, 0.7502361963007224, 2.9201092903742705, 0.4203976900891174, 123.55172275363107, 1.3834240763792538, 5.317379131464782, 0.7482203564664415
150.5212374382853, 0.3155979966318851, 0.944045602816989, 0.13660459857433588, 150.00995932360462, 0.6090725945352464, 1.6687003711934267, 0.4650833169235851, 145.13582197803262, 2.667719909898837, 9.379439864124649, 1.485855838310455, 148.0296093095168, 2.710255656304414, 8.420632990320176, 1.1656805086747641
