Median, sigma, spread, sigma, 30ps median, sigma, 30ps spread, sigma, 50ps median, sigma, 50ps spread, sigma, 100ps median, sigma, 100ps spread, sigma
100.21432879563979, 0.12033990364677763, 0.9439797951156628, 0.060224602234850516, 100.61624892441864, 0.3087984648599777, 2.4695584162003104, 0.18211528018359457, 100.80979784368358, 0.5532265619390955, 4.443235054553696, 0.29537237364293606, 100.98570612453591, 1.1809365762013495, 9.779873198793354, 0.6375044424129771
100.21691221266713, 0.11894358532463417, 0.944163274112771, 0.06057611075193447, 100.62128176539389, 0.3139091144346676, 2.4720024225793837, 0.1830142615773466, 100.7947360678321, 0.5465257559046985, 4.438946157955042, 0.3026271028426647, 100.9518070277093, 1.1762174412382924, 9.784978531849905, 0.6532763686507296
100.21544789406451, 0.12044656997937389, 0.944101325533113, 0.05943095788610171, 100.61735633233923, 0.30968352430943463, 2.4710274722976466, 0.17754976175226822, 100.81624363230236, 0.5563978136012737, 4.433953879003063, 0.2991165314288362, 100.99466824039743, 1.1906437008290154, 9.783688784394764, 0.6482318007854594
