Median, spread, 30ps median, 30ps spread, 50ps median, 50ps spread, 100ps median, 100ps spread
24.142888656384365, 1.289484121964246, 24.02975466831066, 1.3365394451951536, 24.177846612840916, 1.147058660763666, 23.990617138751425, 1.271227673028622
