Median, spread, 50ps median, 50ps spread, 100ps median, 100ps spread
99.87274488862273, 1.7521864870870734, 98.54437875315666, 6.875644069231871, 92.8869044782531, 15.824538136106147
