Median, sigma, spread, sigma, 30ps median, sigma, 30ps spread, sigma, 50ps median, sigma, 50ps spread, sigma, 100ps median, sigma, 100ps spread, sigma
49.97618024590415, 0.03011702251216141, 0.20858522787054434, 0.014133819609337574, 49.98941802022814, 0.06301451257438503, 0.4606991770005101, 0.032124155787155474, 50.1359554626773, 0.095342421654367, 0.7038033045646224, 0.04098201645712227, 49.95608203237039, 0.15678786836659508, 1.1022701798311356, 0.07865272231426979
49.976194330197224, 0.029877066119241947, 0.20866629348244833, 0.014202860780206416, 49.98996827238042, 0.06300769872575125, 0.46101660463308936, 0.03238431670738469, 50.13507076144848, 0.09385595604423601, 0.7034746165160545, 0.04128462503393072, 49.950122957699186, 0.15557643186721323, 1.102465488193452, 0.07903008976399356
49.97656354359889, 0.03027058982905807, 0.2084095463935678, 0.014284291720317381, 49.98793275386024, 0.062405639559726236, 0.46032454349424895, 0.03198411045301048, 50.135889662319244, 0.0947589611440154, 0.7033490744987321, 0.04108195439556828, 49.956030856490614, 0.15610911832945057, 1.1025335511380534, 0.07807943513602691
49.97635780774438, 0.030396636864845145, 0.20845216264108085, 0.01436161873617852, 49.98888803729398, 0.06219257413408856, 0.46015191230758884, 0.032711474800661985, 50.135678175985184, 0.09435273253921479, 0.7041069581385684, 0.04066086708885496, 49.953508588639984, 0.1551629249986744, 1.103638187023905, 0.0772491368916347
49.97652143533575, 0.02964773753964394, 0.20844262423046725, 0.014221698042566223, 49.98944633102101, 0.062426375461279895, 0.4609262561730508, 0.03240094699678522, 50.13649414603841, 0.09566529322105428, 0.7032529306478417, 0.04117965485968617, 49.95214128052085, 0.15687453239725022, 1.1012015961284596, 0.07867602867536723
