Median, sigma, spread, sigma, 30ps median, sigma, 30ps spread, sigma, 50ps median, sigma, 50ps spread, sigma, 100ps median, sigma, 100ps spread, sigma
49.97618024590415, 0.03011702251216141, 0.20858522787054434, 0.014133819609337574, 49.98941802022814, 0.06301451257438503, 0.4606991770005101, 0.032124155787155474, 50.1359554626773, 0.095342421654367, 0.7038033045646224, 0.04098201645712227, 49.95608203237039, 0.15678786836659508, 1.1022701798311356, 0.07865272231426979
49.976194330197224, 0.029877066119241947, 0.20866629348244833, 0.014202860780206416, 49.98996827238042, 0.06300769872575125, 0.46101660463308936, 0.03238431670738469, 50.13507076144848, 0.09385595604423601, 0.7034746165160545, 0.04128462503393072, 49.950122957699186, 0.15557643186721323, 1.102465488193452, 0.07903008976399356
49.97656354359889, 0.03027058982905807, 0.2084095463935678, 0.014284291720317381, 49.98793275386024, 0.062405639559726236, 0.46032454349424895, 0.03198411045301048, 50.135889662319244, 0.0947589611440154, 0.7033490744987321, 0.04108195439556828, 49.956030856490614, 0.15610911832945057, 1.1025335511380534, 0.07807943513602691
