Median, spread, 50ps median, 50ps spread, 100ps median, 100ps spread
99.79952190569776, 1.4039928623511186, 99.75796203016995, 4.590777945350686, 84.21290501255687, 21.31750686592987
