Median, spread, 50ps median, 50ps spread, 100ps median, 100ps spread
100.17366211669173, 1.1717381768123682, 98.98952466109411, 3.93155679767541, 84.70045724680475, 19.722316782669985
