Median, spread, 30ps median, 30ps spread, 50ps median, 50ps spread, 100ps median, 100ps spread
24.12883580481611, 1.2719138322918, 24.032059031572622, 1.295885037176177, 23.961128614306514, 1.344327260886285, 23.870042819007015, 1.4734675264511419
49.83459663584238, 0.9431093703072313, 49.47435413784262, 2.6508026708876686, 49.69137054717439, 2.07996461520435, 50.21660118282229, 2.402653223177058
72.1626638424237, 7.5565699010019065, 72.37613951074935, 8.322106534819415, 72.67456693519112, 8.148379708298393, 72.21388519483983, 9.415108090054593
94.53385719892988, 12.260520316240815, 93.76102998517597, 13.440728340655582, 94.69019023524929, 13.669058947174332, 96.24597230180386, 14.123418734502568
116.05628905495054, 15.886491785999805, 115.84936923238573, 16.121324544692648, 117.50251673728907, 15.18172883994754, 117.11979716739407, 20.115555495275586
139.10757849856194, 17.882550809627663, 139.37080468422334, 18.633224565240923, 136.2087655060386, 21.42681186641544, 138.96073812909552, 23.831163874978373
