Median, sigma, spread, sigma, 30ps median, sigma, 30ps spread, sigma, 50ps median, sigma, 50ps spread, sigma, 100ps median, sigma, 100ps spread, sigma
24.416236694495588, 0.027571874543094992, 0.38696719817911907, 0.019089213224164243, 24.366067186377414, 0.030045031228206974, 0.42360591287872196, 0.020183606551203135, 24.31387088729877, 0.034424981115692935, 0.4781560816696482, 0.022258036023473537, 24.136050760661735, 0.04713109765947844, 0.6567896878498628, 0.03045168333768846
49.962231037323996, 0.03602055271293212, 0.36723164090301735, 0.02128364554476298, 49.88375769134735, 0.08348452632345159, 0.8461413002951783, 0.047121576162149376, 49.92017775143631, 0.1367088272426973, 1.3786940445850624, 0.08024476837607585, 49.59562392437631, 0.2209647173515469, 2.1775371235394507, 0.12498243913441863
75.13749200253793, 0.06861664046098974, 0.5744522663278948, 0.04088206552645705, 75.18454020756326, 0.1687150601626157, 1.4230706956925907, 0.10283075044296777, 75.45122253217163, 0.2630130289437977, 2.211332498847472, 0.15364667340274077, 74.18777392985244, 0.3700936796298122, 2.823606944237889, 0.21889606998078295
100.24348925307712, 0.1290320061015722, 0.9241330010997106, 0.06304025776686109, 99.92189502770239, 0.3550461570839141, 2.416349628573667, 0.20449885158986936, 100.27296998904524, 0.5658495584955339, 3.7850435261397863, 0.38541570250356366, 72.1894907998815, 0.8308615522333833, 3.188236106480768, 0.47634683421586077
