Median, sigma, spread, sigma, 30ps median, sigma, 30ps spread, sigma, 50ps median, sigma, 50ps spread, sigma, 100ps median, sigma, 100ps spread, sigma
200.2786914777654, 0.08394927111658759, 2.5660055850804104, 0.05540966067729297, 199.33369236301502, 0.261696077735888, 8.116768474954384, 0.1521455044182498, 198.34377346600894, 0.3423034257112219, 10.310058539029502, 0.1742297691090363, 192.1173586304416, 0.4596560355078307, 12.64994369842957, 0.21248801292935635
