Median, spread, 30ps median, 30ps spread, 50ps median, 50ps spread, 100ps median, 100ps spread
24.12883580481611, 1.2719138322918, 24.032059031572622, 1.295885037176177, 23.961128614306514, 1.344327260886285, 23.870042819007015, 1.4734675264511419
49.83459663584238, 0.9431093703072313, 49.47435413784262, 2.6508026708876686, 49.69137054717439, 2.07996461520435, 50.21660118282229, 2.402653223177058
72.1626638424237, 7.5565699010019065, 72.37613951074935, 8.322106534819415, 72.67456693519112, 8.148379708298393, 72.21388519483983, 9.415108090054593
