Median, spread, 30ps median, 30ps spread, 50ps median, 50ps spread, 100ps median, 100ps spread
92.66701311226795, 13.968453216124168, 94.1159921600955, 12.267077024435798, 61.747578042343136, 9.665150218257368, 55.062734786690285, 7.8427337915535595
119.87441021384166, 12.892488831622483, 123.66206013828767, 10.062073309721294, 121.22160167601508, 10.366279431789158, 116.67706899549292, 17.18685238288664
