Median, sigma, spread, sigma, 30ps median, sigma, 30ps spread, sigma, 50ps median, sigma, 50ps spread, sigma, 100ps median, sigma, 100ps spread, sigma
100.10604751106928, 0.09058685380101647, 0.9937516978745958, 0.06390853328806188, 100.07576782127977, 0.2772015680110979, 2.930194696766606, 0.3118836382010139, 99.8515765210463, 0.43936893978027275, 4.587496722588602, 0.37411786909431505, 98.6592569874836, 0.6813459079964488, 6.712581048746753, 0.3975997763287824
125.17813613201334, 0.19756169437987292, 2.0976316391185503, 0.4486908260786634, 125.11653840337898, 0.35566652715664754, 3.7803038831135125, 0.24582250437515277, 125.41648226526603, 0.5469121126307803, 5.885972602411983, 0.39108730726727464, 122.78444563223485, 0.9069333641175737, 9.372761782305409, 0.4792067961609629
149.83007732425995, 0.39829030605966936, 3.9907010514267633, 0.7854734320745151, 149.97651090741465, 0.6788148575440408, 6.524279136992932, 0.7682096332406245, 146.70821707609068, 0.9404521901924001, 9.10363997627954, 0.6196871705895424, 143.548681422467, 0.9847028257666299, 8.790304720633834, 0.5864166261338482
