Median, spread, 50ps median, 50ps spread, 100ps median, 100ps spread, 200ps median, 200ps spread, 350ps median, 350ps spread 
47.03761065512829, 40.74347047924232, 47.302513480977645, 40.98363907369162, 47.07675734143249, 40.77306251628358, 47.3226390024245, 40.81017852561612, 45.97710175713435, 39.33995520436235
