Median, spread, 50ps median, 50ps spread, 100ps median, 100ps spread, 200ps median, 200ps spread, 350ps median, 350ps spread 
78.97964096592314, 60.81449049328119, 81.10231083544004, 61.88096411456609, 81.77186125293869, 62.296161017808004, 73.96256264569557, 56.446807130386134, 69.77720982464544, 54.135004499670686
