Median, spread, 50ps median, 50ps spread, 100ps median, 100ps spread, 200ps median, 200ps spread, 350ps median, 350ps spread 
76.336981018145, 56.173599696957936, 76.94883015856001, 56.65268722677563, 75.76190312599032, 55.70235780243184, 74.9628534499163, 54.873131394437344, 70.20198001863179, 51.09393280770481
76.336981018145, 56.173599696957936, 76.94883015856001, 56.65268722677563, 75.76190312599032, 55.70235780243184, 74.9628534499163, 54.873131394437344, 70.20198001863179, 51.09393280770481
