Median, spread, 50ps median, 50ps spread, 100ps median, 100ps spread, 200ps median, 200ps spread, 350ps median, 350ps spread 
46.93138754668823, 40.50659585473351, 47.36720811142062, 40.81655478731606, 46.792802450126196, 40.24829378680814, 47.36252387570731, 40.664389686539494, 45.788207066567956, 39.05454273757422
