Median, spread, 50ps median, 50ps spread, 100ps median, 100ps spread, 200ps median, 200ps spread, 350ps median, 350ps spread 
47.03761065512829, 40.74347047924232, 47.302513480977645, 40.98363907369162, 47.07675734143249, 40.77306251628358, 47.3226390024245, 40.81017852561612, 45.97710175713435, 39.33995520436235
47.0333649381695, 40.73567213016017, 47.28818431123259, 40.96640451306966, 47.07466772643596, 40.76712796322505, 47.32236480955675, 40.80640758235883, 45.97111975447732, 39.33088346934816
19.260428813324943, 17.99866057586965, 19.247741884053287, 17.978156302942466, 19.194451119195975, 17.913508162225494, 19.33758366813892, 18.05110919437749, 19.357911548398548, 17.986124130384503
