Incident energy, first deposit (MeV), second deposit (MeV), front detector, back detector, front event, back event 
26.86839540195524, 24.806146, 1.25389, 1, 1,7104460, 7104460
85.29872909696019, 5.009208999999999, 6.156196499999999, 2, 3,3887020, 3887020
106.43292281250524, 0.0201745, 0.12565, 3, 1,4680531, 4680531
