Incident energy, first deposit (MeV), second deposit (MeV), front detector, back detector, front event, back event 
100.2800376208661, 2.8374664999999997, 5.575461600000001, 1, 2,8515298, 8515298
42.24591401087321, 16.27616, 23.4725, 2, 1,225211, 225211
42.807712131200674, 10.8210319, 13.7509758, 2, 1,9337305, 9337305
61.39219727133491, 7.9186438, 0.0211841, 1, 3,4157118, 4157118
110.25809184458626, 0.00172641, 24.30654, 2, 2,2570085, 2570085
101.33938748070227, 1.9320163, 4.6083745, 2, 3,7424849, 7424849
94.93137510212296, 2.8925199999999998, 5.0162979, 2, 2,6448241, 6448241
39.2745528827968, 6.650332000000001, 14.2044328, 2, 3,1963856, 1963856
104.52394274145581, 2.90184787, 4.4005567999999995, 3, 1,7956041, 7956041
