Incident energy, first deposit (MeV), second deposit (MeV), front detector, back detector, front event, back event 
107.40796730190004, 3.9498871700000002, 4.32057, 1, 1,7523637, 7523637
69.30850065927359, 17.677540099999998, 7.8445585, 1, 3,101414, 101414
92.99125687227934, 2.2210773, 4.8561947000000005, 3, 3,9315595, 9315595
