Median, spread, 50ps median, 50ps spread, 100ps median, 100ps spread
100.02773841057991, 1.392966555268158, 98.70127300076855, 5.629015524334084, 93.85012231175978, 13.946077051776856
100.02773841057991, 1.392966555268158, 98.70127300076855, 5.629015524334084, 93.85012231175978, 13.946077051776856
100.02773841057991, 1.392966555268158, 98.70127300076855, 5.629015524334084, 93.85012231175978, 13.946077051776856
100.02773841057991, 1.392966555268158, 98.70127300076855, 5.629015524334084, 93.85012231175978, 13.946077051776856
