Median, spread, 30ps median, 30ps spread, 50ps median, 50ps spread, 100ps median, 100ps spread
100.09681222463198, 1.449318978829871, 100.0215726576183, 3.0953062935942817, 100.08815347487894, 4.384340503254152, 100.03594482201225, 6.8823338487287895
90.44615249070996, 15.93872184971074, 91.07641358711211, 15.829085426006886, 85.47546431731266, 21.546502667671966
90.44615249070996, 15.93872184971074, 91.07641358711211, 15.829085426006886, 85.47546431731266, 21.546502667671966
90.44615249070996, 15.93872184971074, 91.07641358711211, 15.829085426006886, 85.47546431731266, 21.546502667671966
90.44615249070996, 15.93872184971074, 91.07641358711211, 15.829085426006886, 85.47546431731266, 21.546502667671966
