Median, spread, 30ps median, 30ps spread, 50ps median, 50ps spread, 100ps median, 100ps spread
100.08683642286584, 1.1082660886187476, 99.65993020900535, 2.575597275027489, 100.46615402008845, 4.467763140379544, 100.39526761565487, 7.5882311275671395
