Median, spread, 30ps median, 30ps spread, 50ps median, 50ps spread, 100ps median, 100ps spread
100.09681222463198, 1.449318978829871, 100.0215726576183, 3.0953062935942817, 100.08815347487894, 4.384340503254152, 100.03594482201225, 6.8823338487287895
