Median, spread, 50ps median, 50ps spread, 100ps median, 100ps spread
100.06801733339019, 1.18180442638693, 98.60368944606887, 4.975031922618973, 86.27205163407882, 20.272015546788968
