Median, spread, 30ps median, 30ps spread, 50ps median, 50ps spread, 100ps median, 100ps spread
24.31807309733461, 0.5156775636312669, 24.356052859949934, 0.5452749827499577, 24.235340773520825, 0.5552247657731618, 24.11520982261481, 0.7934244508707327
