Median, spread, 50ps median, 50ps spread, 100ps median, 100ps spread
100.05805630490526, 1.083474296976659, 98.68216799497246, 3.722018232805434, 96.20850125860036, 6.22930302854859
