Median, spread, 30ps median, 30ps spread, 50ps median, 50ps spread, 100ps median, 100ps spread
243.8564656775377, 12.42716216940655, 240.78496938924496, 17.429482480150625, 242.36804415621316, 16.46369232200858, 257.39824196682633, 22.11001987454535
225.85232868339537, 29.85766218187106, 226.42099599050826, 33.73463993071669, 203.64542065220394, 56.61599263793826
225.85232868339537, 29.85766218187106, 226.42099599050826, 33.73463993071669, 203.64542065220394, 56.61599263793826
