Median, spread, 30ps median, 30ps spread, 50ps median, 50ps spread, 100ps median, 100ps spread
49.83476564255048, 1.0866831589605412, 49.98934312406913, 1.0530404639390694, 50.03272304651349, 1.1763890507406558, 49.84114170336776, 2.5721276185335142
