Incident energy, first deposit (MeV), second deposit (MeV), front detector, back detector, front G4 event ID, back G4 event ID 
196.71510635248683, 1.4434, 4.095967, 1, 1, 1341223, 1341223
50.60697011488992, 0.00263028, 1.31574, 1, 1, 4737919, 4737919
