Incident energy, first deposit (MeV), second deposit (MeV), front detector, back detector 
1.2780667764433247, 0.000477356, 1.86132e-6, 2, 3
10.100176786984548, 0.00193152, 1.45879e-5, 4, 9
69.73285400023701, 0.002536, 1.56327e-5, 7, 3
11.671986685268848, 8.24525e-5, 3.5378e-7, 10, 11
