Median, spread, 50ps median, 50ps spread, 100ps median, 100ps spread
99.83449565475865, 0.981559514632303, 99.96678530853146, 4.49401043398441, 97.74770879087694, 8.291004520527931
