Median, spread, 50ps median, 50ps spread, 100ps median, 100ps spread
99.54696435417381, 1.391188765096453, 96.77421056547045, 6.498470720751156, 85.46719464537236, 16.26855193370963
