Incident energy, first deposit (MeV), second deposit (MeV), front detector, back detector 
65.88892868136963, 3.2410881000000002, 6.9678061, 5, 1
191.76776892667522, 0.0499403, 6.9678061, 12, 1
43.24864419689811, 25.32236, 17.0394, 12, 2
