Median, spread, 50ps median, 50ps spread, 100ps median, 100ps spread
100.25546987833701, 1.1044692428402914, 100.20529212032156, 4.203817153883708, 99.84232682065337, 7.009853793084019
