Median, spread, 50ps median, 50ps spread, 100ps median, 100ps spread, 200ps median, 200ps spread, 350ps median, 350ps spread 
100.27863725498165, 1.0971593858177062, 99.84861326284143, 4.151024775937614, 100.14072323422496, 7.144991970364498, 96.69496510392467, 16.01698824689463, 94.86764624458041, 30.849596767143037
110.39012815508444, 1.1671926296870845, 110.3483125922331, 5.074621084584191, 108.75448353064431, 9.060693263260138, 112.61342450654514, 17.28958954906111, 99.07705448686669, 47.42000359333141
120.59597374576886, 1.2943502204111086, 119.64667331350628, 4.806731912881304, 118.81814894096318, 8.22666501742119, 110.49532652458987, 27.537345934876026, 109.59683862144072, 38.03850446600581
