Median, spread, 50ps median, 50ps spread, 100ps median, 100ps spread
33.386201095216606, 17.104815479424282, 33.306693748032096, 17.021385526638976, 33.09625707275035, 16.847084782483947
