Median, spread, 50ps median, 50ps spread, 100ps median, 100ps spread, 200ps median, 200ps spread, 350ps median, 350ps spread 
8.847343776733625, 3.2506362863687546, 8.852919427453081, 3.2514070296058475, 8.845333602355211, 3.2514351810779436, 8.850696436045588, 3.271291558210823, 8.873037572226787, 3.040835861255523
60.26696439667878, 0.4101629288915819, 60.349269928249925, 1.8229618734193345, 60.14069669794139, 3.257881432111145, 59.244292575012594, 6.174363983652153, 58.59956606851753, 10.389625843813983
110.18255299658038, 1.2164677402145225, 109.57254845739347, 5.0065855647197814, 109.06960224145035, 10.277359345757699, 109.24328962525476, 24.22601387903477, 102.5382520380321, 49.28180408269182
161.75734964085146, 1.1904449630428535, 159.1175501085402, 7.756747784706419, 164.84241483894277, 22.058005943907805, 167.12931250017238, 24.320991919535178, 136.37583563450445, 28.704890463837707
210.16298446184805, 2.8016359241108204, 207.85057152754638, 11.435058617295336, 207.50058400225083, 24.000454475244055, 220.63587231213756, 45.27870877309137, 157.5805346418327, 39.74130862278452
