Median, spread, 50ps median, 50ps spread, 100ps median, 100ps spread
100.21676365792374, 1.089619773330418, 100.53846593600154, 3.8583310312391315, 99.63717284889474, 8.534526939946549
