Median, spread, 50ps median, 50ps spread, 100ps median, 100ps spread
100.04105225609212, 1.046932128715038, 100.1837834001951, 4.115909623062289, 98.46010775446861, 6.098642226871506
