Median, spread, 50ps median, 50ps spread, 100ps median, 100ps spread
100.35440215300339, 1.0521968662832542, 100.3746764762824, 4.040227359415265, 100.48853377593771, 7.625260056879765
